"﻿UNITID","OPEID6","INSTNM","CONTROL","MAIN","CIPCODE","CIPDESC","CREDLEV","CREDDESC","IPEDSCOUNT1","IPEDSCOUNT2","DEBT_ALL_STGP_ANY_N","DEBT_ALL_STGP_ANY_MEAN","DEBT_ALL_STGP_ANY_MDN","DEBT_ALL_STGP_EVAL_N","DEBT_ALL_STGP_EVAL_MEAN","DEBT_ALL_STGP_EVAL_MDN","DEBT_ALL_PP_ANY_N","DEBT_ALL_PP_ANY_MEAN","DEBT_ALL_PP_ANY_MDN","DEBT_ALL_PP_EVAL_N","DEBT_ALL_PP_EVAL_MEAN","DEBT_ALL_PP_EVAL_MDN","DEBT_MALE_STGP_ANY_N","DEBT_MALE_STGP_ANY_MEAN","DEBT_MALE_STGP_ANY_MDN","DEBT_MALE_STGP_EVAL_N","DEBT_MALE_STGP_EVAL_MEAN","DEBT_MALE_STGP_EVAL_MDN","DEBT_MALE_PP_ANY_N","DEBT_MALE_PP_ANY_MEAN","DEBT_MALE_PP_ANY_MDN","DEBT_MALE_PP_EVAL_N","DEBT_MALE_PP_EVAL_MEAN","DEBT_MALE_PP_EVAL_MDN","DEBT_NOTMALE_STGP_ANY_N","DEBT_NOTMALE_STGP_ANY_MEAN","DEBT_NOTMALE_STGP_ANY_MDN","DEBT_NOTMALE_STGP_EVAL_N","DEBT_NOTMALE_STGP_EVAL_MEAN","DEBT_NOTMALE_STGP_EVAL_MDN","DEBT_NOTMALE_PP_ANY_N","DEBT_NOTMALE_PP_ANY_MEAN","DEBT_NOTMALE_PP_ANY_MDN","DEBT_NOTMALE_PP_EVAL_N","DEBT_NOTMALE_PP_EVAL_MEAN","DEBT_NOTMALE_PP_EVAL_MDN","DEBT_PELL_STGP_ANY_N","DEBT_PELL_STGP_ANY_MEAN","DEBT_PELL_STGP_ANY_MDN","DEBT_PELL_STGP_EVAL_N","DEBT_PELL_STGP_EVAL_MEAN","DEBT_PELL_STGP_EVAL_MDN","DEBT_PELL_PP_ANY_N","DEBT_PELL_PP_ANY_MEAN","DEBT_PELL_PP_ANY_MDN","DEBT_PELL_PP_EVAL_N","DEBT_PELL_PP_EVAL_MEAN","DEBT_PELL_PP_EVAL_MDN","DEBT_NOPELL_STGP_ANY_N","DEBT_NOPELL_STGP_ANY_MEAN","DEBT_NOPELL_STGP_ANY_MDN","DEBT_NOPELL_STGP_EVAL_N","DEBT_NOPELL_STGP_EVAL_MEAN","DEBT_NOPELL_STGP_EVAL_MDN","DEBT_NOPELL_PP_ANY_N","DEBT_NOPELL_PP_ANY_MEAN","DEBT_NOPELL_PP_ANY_MDN","DEBT_NOPELL_PP_EVAL_N","DEBT_NOPELL_PP_EVAL_MEAN","DEBT_NOPELL_PP_EVAL_MDN","DEBT_ALL_PP_ANY_MDN10YRPAY","DEBT_ALL_PP_EVAL_MDN10YRPAY","DEBT_ALL_STGP_ANY_MDN10YRPAY","DEBT_ALL_STGP_EVAL_MDN10YRPAY","EARN_COUNT_NWNE_HI_1YR","EARN_CNTOVER150_HI_1YR","EARN_COUNT_WNE_HI_1YR","EARN_MDN_HI_1YR","EARN_COUNT_NWNE_HI_2YR","EARN_CNTOVER150_HI_2YR","EARN_COUNT_WNE_HI_2YR","EARN_MDN_HI_2YR"
"NULL","042518","Graduate Institute of International and Development Studies (The)","Foreign","1","4509","International Relations and National Security Studies.","5","Master's Degree","NULL","NULL","PrivacySuppressed","PrivacySuppressed","PrivacySuppressed","PrivacySuppressed","PrivacySuppressed","PrivacySuppressed","PrivacySuppressed","PrivacySuppressed","PrivacySuppressed","PrivacySuppressed","PrivacySuppressed","PrivacySuppressed","PrivacySuppressed","PrivacySuppressed","PrivacySuppressed","PrivacySuppressed","PrivacySuppressed","PrivacySuppressed","PrivacySuppressed","PrivacySuppressed","PrivacySuppressed","PrivacySuppressed","PrivacySuppressed","PrivacySuppressed","PrivacySuppressed","PrivacySuppressed","PrivacySuppressed","PrivacySuppressed","PrivacySuppressed","PrivacySuppressed","PrivacySuppressed","PrivacySuppressed","PrivacySuppressed","PrivacySuppressed","PrivacySuppressed","PrivacySuppressed","PrivacySuppressed","PrivacySuppressed","PrivacySuppressed","PrivacySuppressed","PrivacySuppressed","PrivacySuppressed","PrivacySuppressed","PrivacySuppressed","PrivacySuppressed","PrivacySuppressed","PrivacySuppressed","PrivacySuppressed","PrivacySuppressed","PrivacySuppressed","PrivacySuppressed","PrivacySuppressed","PrivacySuppressed","PrivacySuppressed","PrivacySuppressed","PrivacySuppressed","PrivacySuppressed","PrivacySuppressed","PrivacySuppressed","PrivacySuppressed","PrivacySuppressed","PrivacySuppressed","PrivacySuppressed","PrivacySuppressed","PrivacySuppressed","PrivacySuppressed","PrivacySuppressed","PrivacySuppressed","PrivacySuppressed","PrivacySuppressed","PrivacySuppressed","PrivacySuppressed"
"NULL","042518","Graduate Institute of International and Development Studies (The)","Foreign","1","4510","Political Science and Government.","5","Master's Degree","NULL","NULL","PrivacySuppressed","PrivacySuppressed","PrivacySuppressed","PrivacySuppressed","PrivacySuppressed","PrivacySuppressed","PrivacySuppressed","PrivacySuppressed","PrivacySuppressed","PrivacySuppressed","PrivacySuppressed","PrivacySuppressed","PrivacySuppressed","PrivacySuppressed","PrivacySuppressed","PrivacySuppressed","PrivacySuppressed","PrivacySuppressed","PrivacySuppressed","PrivacySuppressed","PrivacySuppressed","PrivacySuppressed","PrivacySuppressed","PrivacySuppressed","PrivacySuppressed","PrivacySuppressed","PrivacySuppressed","PrivacySuppressed","PrivacySuppressed","PrivacySuppressed","PrivacySuppressed","PrivacySuppressed","PrivacySuppressed","PrivacySuppressed","PrivacySuppressed","PrivacySuppressed","PrivacySuppressed","PrivacySuppressed","PrivacySuppressed","PrivacySuppressed","PrivacySuppressed","PrivacySuppressed","PrivacySuppressed","PrivacySuppressed","PrivacySuppressed","PrivacySuppressed","PrivacySuppressed","PrivacySuppressed","PrivacySuppressed","PrivacySuppressed","PrivacySuppressed","PrivacySuppressed","PrivacySuppressed","PrivacySuppressed","PrivacySuppressed","PrivacySuppressed","PrivacySuppressed","PrivacySuppressed","PrivacySuppressed","PrivacySuppressed","PrivacySuppressed","PrivacySuppressed","PrivacySuppressed","PrivacySuppressed","PrivacySuppressed","PrivacySuppressed","PrivacySuppressed","PrivacySuppressed","PrivacySuppressed","PrivacySuppressed","PrivacySuppressed","PrivacySuppressed"
"NULL","042518","Graduate Institute of International and Development Studies (The)","Foreign","1","5401","History.","5","Master's Degree","NULL","NULL","PrivacySuppressed","PrivacySuppressed","PrivacySuppressed","PrivacySuppressed","PrivacySuppressed","PrivacySuppressed","PrivacySuppressed","PrivacySuppressed","PrivacySuppressed","PrivacySuppressed","PrivacySuppressed","PrivacySuppressed","PrivacySuppressed","PrivacySuppressed","PrivacySuppressed","PrivacySuppressed","PrivacySuppressed","PrivacySuppressed","PrivacySuppressed","PrivacySuppressed","PrivacySuppressed","PrivacySuppressed","PrivacySuppressed","PrivacySuppressed","PrivacySuppressed","PrivacySuppressed","PrivacySuppressed","PrivacySuppressed","PrivacySuppressed","PrivacySuppressed","PrivacySuppressed","PrivacySuppressed","PrivacySuppressed","PrivacySuppressed","PrivacySuppressed","PrivacySuppressed","PrivacySuppressed","PrivacySuppressed","PrivacySuppressed","PrivacySuppressed","PrivacySuppressed","PrivacySuppressed","PrivacySuppressed","PrivacySuppressed","PrivacySuppressed","PrivacySuppressed","PrivacySuppressed","PrivacySuppressed","PrivacySuppressed","PrivacySuppressed","PrivacySuppressed","PrivacySuppressed","PrivacySuppressed","PrivacySuppressed","PrivacySuppressed","PrivacySuppressed","PrivacySuppressed","PrivacySuppressed","PrivacySuppressed","PrivacySuppressed","PrivacySuppressed","PrivacySuppressed","PrivacySuppressed","PrivacySuppressed","PrivacySuppressed","PrivacySuppressed","PrivacySuppressed","PrivacySuppressed","PrivacySuppressed","PrivacySuppressed","PrivacySuppressed","PrivacySuppressed"
"NULL","042535","Ravensbourne University London","Foreign","1","1003","Graphic Communications.","5","Master's Degree","NULL","NULL","PrivacySuppressed","PrivacySuppressed","PrivacySuppressed","PrivacySuppressed","PrivacySuppressed","PrivacySuppressed","PrivacySuppressed","PrivacySuppressed","PrivacySuppressed","PrivacySuppressed","PrivacySuppressed","PrivacySuppressed","PrivacySuppressed","PrivacySuppressed","PrivacySuppressed","PrivacySuppressed","PrivacySuppressed","PrivacySuppressed","PrivacySuppressed","PrivacySuppressed","PrivacySuppressed","PrivacySuppressed","PrivacySuppressed","PrivacySuppressed","PrivacySuppressed","PrivacySuppressed","PrivacySuppressed","PrivacySuppressed","PrivacySuppressed","PrivacySuppressed","PrivacySuppressed","PrivacySuppressed","PrivacySuppressed","PrivacySuppressed","PrivacySuppressed","PrivacySuppressed","PrivacySuppressed","PrivacySuppressed","PrivacySuppressed","PrivacySuppressed","PrivacySuppressed","PrivacySuppressed","PrivacySuppressed","PrivacySuppressed","PrivacySuppressed","PrivacySuppressed","PrivacySuppressed","PrivacySuppressed","PrivacySuppressed","PrivacySuppressed","PrivacySuppressed","PrivacySuppressed","PrivacySuppressed","PrivacySuppressed","PrivacySuppressed","PrivacySuppressed","PrivacySuppressed","PrivacySuppressed","PrivacySuppressed","PrivacySuppressed","PrivacySuppressed","PrivacySuppressed","PrivacySuppressed","PrivacySuppressed","PrivacySuppressed","PrivacySuppressed","PrivacySuppressed","PrivacySuppressed","PrivacySuppressed","PrivacySuppressed","PrivacySuppressed","PrivacySuppressed"
"NULL","042535","Ravensbourne University London","Foreign","1","5006","Film/Video and Photographic Arts.","3","Bachelors Degree","NULL","NULL","PrivacySuppressed","PrivacySuppressed","PrivacySuppressed","PrivacySuppressed","PrivacySuppressed","PrivacySuppressed","PrivacySuppressed","PrivacySuppressed","PrivacySuppressed","PrivacySuppressed","PrivacySuppressed","PrivacySuppressed","PrivacySuppressed","PrivacySuppressed","PrivacySuppressed","PrivacySuppressed","PrivacySuppressed","PrivacySuppressed","PrivacySuppressed","PrivacySuppressed","PrivacySuppressed","PrivacySuppressed","PrivacySuppressed","PrivacySuppressed","PrivacySuppressed","PrivacySuppressed","PrivacySuppressed","PrivacySuppressed","PrivacySuppressed","PrivacySuppressed","PrivacySuppressed","PrivacySuppressed","PrivacySuppressed","PrivacySuppressed","PrivacySuppressed","PrivacySuppressed","PrivacySuppressed","PrivacySuppressed","PrivacySuppressed","PrivacySuppressed","PrivacySuppressed","PrivacySuppressed","PrivacySuppressed","PrivacySuppressed","PrivacySuppressed","PrivacySuppressed","PrivacySuppressed","PrivacySuppressed","PrivacySuppressed","PrivacySuppressed","PrivacySuppressed","PrivacySuppressed","PrivacySuppressed","PrivacySuppressed","PrivacySuppressed","PrivacySuppressed","PrivacySuppressed","PrivacySuppressed","PrivacySuppressed","PrivacySuppressed","PrivacySuppressed","PrivacySuppressed","PrivacySuppressed","PrivacySuppressed","PrivacySuppressed","PrivacySuppressed","PrivacySuppressed","PrivacySuppressed","PrivacySuppressed","PrivacySuppressed","PrivacySuppressed","PrivacySuppressed"
"NULL","042690","Global Tech College","Private, for-profit","1","1101","Computer and Information Sciences, General.","1","Undergraduate Certificate or Diploma","NULL","NULL","PrivacySuppressed","PrivacySuppressed","PrivacySuppressed","PrivacySuppressed","PrivacySuppressed","PrivacySuppressed","PrivacySuppressed","PrivacySuppressed","PrivacySuppressed","PrivacySuppressed","PrivacySuppressed","PrivacySuppressed","PrivacySuppressed","PrivacySuppressed","PrivacySuppressed","PrivacySuppressed","PrivacySuppressed","PrivacySuppressed","PrivacySuppressed","PrivacySuppressed","PrivacySuppressed","PrivacySuppressed","PrivacySuppressed","PrivacySuppressed","PrivacySuppressed","PrivacySuppressed","PrivacySuppressed","PrivacySuppressed","PrivacySuppressed","PrivacySuppressed","PrivacySuppressed","PrivacySuppressed","PrivacySuppressed","PrivacySuppressed","PrivacySuppressed","PrivacySuppressed","PrivacySuppressed","PrivacySuppressed","PrivacySuppressed","PrivacySuppressed","PrivacySuppressed","PrivacySuppressed","PrivacySuppressed","PrivacySuppressed","PrivacySuppressed","PrivacySuppressed","PrivacySuppressed","PrivacySuppressed","PrivacySuppressed","PrivacySuppressed","PrivacySuppressed","PrivacySuppressed","PrivacySuppressed","PrivacySuppressed","PrivacySuppressed","PrivacySuppressed","PrivacySuppressed","PrivacySuppressed","PrivacySuppressed","PrivacySuppressed","PrivacySuppressed","PrivacySuppressed","PrivacySuppressed","PrivacySuppressed","PrivacySuppressed","PrivacySuppressed","PrivacySuppressed","PrivacySuppressed","PrivacySuppressed","PrivacySuppressed","PrivacySuppressed","PrivacySuppressed"
"NULL","042797","Albert Einstein College of Medicine","Private, nonprofit","1","2601","Biology, General.","3","Bachelors Degree","NULL","NULL","PrivacySuppressed","PrivacySuppressed","PrivacySuppressed","PrivacySuppressed","PrivacySuppressed","PrivacySuppressed","PrivacySuppressed","PrivacySuppressed","PrivacySuppressed","PrivacySuppressed","PrivacySuppressed","PrivacySuppressed","PrivacySuppressed","PrivacySuppressed","PrivacySuppressed","PrivacySuppressed","PrivacySuppressed","PrivacySuppressed","PrivacySuppressed","PrivacySuppressed","PrivacySuppressed","PrivacySuppressed","PrivacySuppressed","PrivacySuppressed","PrivacySuppressed","PrivacySuppressed","PrivacySuppressed","PrivacySuppressed","PrivacySuppressed","PrivacySuppressed","PrivacySuppressed","PrivacySuppressed","PrivacySuppressed","PrivacySuppressed","PrivacySuppressed","PrivacySuppressed","PrivacySuppressed","PrivacySuppressed","PrivacySuppressed","PrivacySuppressed","PrivacySuppressed","PrivacySuppressed","PrivacySuppressed","PrivacySuppressed","PrivacySuppressed","PrivacySuppressed","PrivacySuppressed","PrivacySuppressed","PrivacySuppressed","PrivacySuppressed","PrivacySuppressed","PrivacySuppressed","PrivacySuppressed","PrivacySuppressed","PrivacySuppressed","PrivacySuppressed","PrivacySuppressed","PrivacySuppressed","PrivacySuppressed","PrivacySuppressed","PrivacySuppressed","PrivacySuppressed","PrivacySuppressed","PrivacySuppressed","PrivacySuppressed","PrivacySuppressed","PrivacySuppressed","PrivacySuppressed","PrivacySuppressed","PrivacySuppressed","PrivacySuppressed","PrivacySuppressed"
"NULL","042797","Albert Einstein College of Medicine","Private, nonprofit","1","3099","Multi/Interdisciplinary Studies, Other.","3","Bachelors Degree","NULL","NULL","PrivacySuppressed","PrivacySuppressed","PrivacySuppressed","PrivacySuppressed","PrivacySuppressed","PrivacySuppressed","PrivacySuppressed","PrivacySuppressed","PrivacySuppressed","PrivacySuppressed","PrivacySuppressed","PrivacySuppressed","PrivacySuppressed","PrivacySuppressed","PrivacySuppressed","PrivacySuppressed","PrivacySuppressed","PrivacySuppressed","PrivacySuppressed","PrivacySuppressed","PrivacySuppressed","PrivacySuppressed","PrivacySuppressed","PrivacySuppressed","PrivacySuppressed","PrivacySuppressed","PrivacySuppressed","PrivacySuppressed","PrivacySuppressed","PrivacySuppressed","PrivacySuppressed","PrivacySuppressed","PrivacySuppressed","PrivacySuppressed","PrivacySuppressed","PrivacySuppressed","PrivacySuppressed","PrivacySuppressed","PrivacySuppressed","PrivacySuppressed","PrivacySuppressed","PrivacySuppressed","PrivacySuppressed","PrivacySuppressed","PrivacySuppressed","PrivacySuppressed","PrivacySuppressed","PrivacySuppressed","PrivacySuppressed","PrivacySuppressed","PrivacySuppressed","PrivacySuppressed","PrivacySuppressed","PrivacySuppressed","PrivacySuppressed","PrivacySuppressed","PrivacySuppressed","PrivacySuppressed","PrivacySuppressed","PrivacySuppressed","PrivacySuppressed","PrivacySuppressed","PrivacySuppressed","PrivacySuppressed","PrivacySuppressed","PrivacySuppressed","PrivacySuppressed","PrivacySuppressed","PrivacySuppressed","PrivacySuppressed","PrivacySuppressed","PrivacySuppressed"
"NULL","042808","Texas Tech University Health Sciences Center El Paso","Public","1","5138","Registered Nursing, Nursing Administration, Nursing Research and Clinical Nursing.","3","Bachelors Degree","NULL","NULL","PrivacySuppressed","PrivacySuppressed","PrivacySuppressed","PrivacySuppressed","PrivacySuppressed","PrivacySuppressed","PrivacySuppressed","PrivacySuppressed","PrivacySuppressed","PrivacySuppressed","PrivacySuppressed","PrivacySuppressed","PrivacySuppressed","PrivacySuppressed","PrivacySuppressed","PrivacySuppressed","PrivacySuppressed","PrivacySuppressed","PrivacySuppressed","PrivacySuppressed","PrivacySuppressed","PrivacySuppressed","PrivacySuppressed","PrivacySuppressed","PrivacySuppressed","PrivacySuppressed","PrivacySuppressed","PrivacySuppressed","PrivacySuppressed","PrivacySuppressed","PrivacySuppressed","PrivacySuppressed","PrivacySuppressed","PrivacySuppressed","PrivacySuppressed","PrivacySuppressed","PrivacySuppressed","PrivacySuppressed","PrivacySuppressed","PrivacySuppressed","PrivacySuppressed","PrivacySuppressed","PrivacySuppressed","PrivacySuppressed","PrivacySuppressed","PrivacySuppressed","PrivacySuppressed","PrivacySuppressed","PrivacySuppressed","PrivacySuppressed","PrivacySuppressed","PrivacySuppressed","PrivacySuppressed","PrivacySuppressed","PrivacySuppressed","PrivacySuppressed","PrivacySuppressed","PrivacySuppressed","PrivacySuppressed","PrivacySuppressed","PrivacySuppressed","PrivacySuppressed","PrivacySuppressed","PrivacySuppressed","PrivacySuppressed","PrivacySuppressed","PrivacySuppressed","PrivacySuppressed","PrivacySuppressed","PrivacySuppressed","PrivacySuppressed","PrivacySuppressed"
"NULL","042809","Houston Barber School","Private, for-profit","1","1204","Cosmetology and Related Personal Grooming Services.","1","Undergraduate Certificate or Diploma","NULL","NULL","PrivacySuppressed","PrivacySuppressed","PrivacySuppressed","PrivacySuppressed","PrivacySuppressed","PrivacySuppressed","PrivacySuppressed","PrivacySuppressed","PrivacySuppressed","PrivacySuppressed","PrivacySuppressed","PrivacySuppressed","PrivacySuppressed","PrivacySuppressed","PrivacySuppressed","PrivacySuppressed","PrivacySuppressed","PrivacySuppressed","PrivacySuppressed","PrivacySuppressed","PrivacySuppressed","PrivacySuppressed","PrivacySuppressed","PrivacySuppressed","PrivacySuppressed","PrivacySuppressed","PrivacySuppressed","PrivacySuppressed","PrivacySuppressed","PrivacySuppressed","PrivacySuppressed","PrivacySuppressed","PrivacySuppressed","PrivacySuppressed","PrivacySuppressed","PrivacySuppressed","PrivacySuppressed","PrivacySuppressed","PrivacySuppressed","PrivacySuppressed","PrivacySuppressed","PrivacySuppressed","PrivacySuppressed","PrivacySuppressed","PrivacySuppressed","PrivacySuppressed","PrivacySuppressed","PrivacySuppressed","PrivacySuppressed","PrivacySuppressed","PrivacySuppressed","PrivacySuppressed","PrivacySuppressed","PrivacySuppressed","PrivacySuppressed","PrivacySuppressed","PrivacySuppressed","PrivacySuppressed","PrivacySuppressed","PrivacySuppressed","PrivacySuppressed","PrivacySuppressed","PrivacySuppressed","PrivacySuppressed","PrivacySuppressed","PrivacySuppressed","PrivacySuppressed","PrivacySuppressed","PrivacySuppressed","PrivacySuppressed","PrivacySuppressed","PrivacySuppressed"
"NULL","042810","Health-Tech Institute of Memphis","Private, for-profit","1","5108","Allied Health and Medical Assisting Services.","1","Undergraduate Certificate or Diploma","NULL","NULL","PrivacySuppressed","PrivacySuppressed","PrivacySuppressed","PrivacySuppressed","PrivacySuppressed","PrivacySuppressed","PrivacySuppressed","PrivacySuppressed","PrivacySuppressed","PrivacySuppressed","PrivacySuppressed","PrivacySuppressed","PrivacySuppressed","PrivacySuppressed","PrivacySuppressed","PrivacySuppressed","PrivacySuppressed","PrivacySuppressed","PrivacySuppressed","PrivacySuppressed","PrivacySuppressed","PrivacySuppressed","PrivacySuppressed","PrivacySuppressed","PrivacySuppressed","PrivacySuppressed","PrivacySuppressed","PrivacySuppressed","PrivacySuppressed","PrivacySuppressed","PrivacySuppressed","PrivacySuppressed","PrivacySuppressed","PrivacySuppressed","PrivacySuppressed","PrivacySuppressed","PrivacySuppressed","PrivacySuppressed","PrivacySuppressed","PrivacySuppressed","PrivacySuppressed","PrivacySuppressed","PrivacySuppressed","PrivacySuppressed","PrivacySuppressed","PrivacySuppressed","PrivacySuppressed","PrivacySuppressed","PrivacySuppressed","PrivacySuppressed","PrivacySuppressed","PrivacySuppressed","PrivacySuppressed","PrivacySuppressed","PrivacySuppressed","PrivacySuppressed","PrivacySuppressed","PrivacySuppressed","PrivacySuppressed","PrivacySuppressed","PrivacySuppressed","PrivacySuppressed","PrivacySuppressed","PrivacySuppressed","PrivacySuppressed","PrivacySuppressed","PrivacySuppressed","PrivacySuppressed","PrivacySuppressed","PrivacySuppressed","PrivacySuppressed","PrivacySuppressed"
"NULL","042817","Compton College","Public","1","0409","Architectural Sciences and Technology.","2","Associate's Degree","NULL","NULL","PrivacySuppressed","PrivacySuppressed","PrivacySuppressed","PrivacySuppressed","PrivacySuppressed","PrivacySuppressed","PrivacySuppressed","PrivacySuppressed","PrivacySuppressed","PrivacySuppressed","PrivacySuppressed","PrivacySuppressed","PrivacySuppressed","PrivacySuppressed","PrivacySuppressed","PrivacySuppressed","PrivacySuppressed","PrivacySuppressed","PrivacySuppressed","PrivacySuppressed","PrivacySuppressed","PrivacySuppressed","PrivacySuppressed","PrivacySuppressed","PrivacySuppressed","PrivacySuppressed","PrivacySuppressed","PrivacySuppressed","PrivacySuppressed","PrivacySuppressed","PrivacySuppressed","PrivacySuppressed","PrivacySuppressed","PrivacySuppressed","PrivacySuppressed","PrivacySuppressed","PrivacySuppressed","PrivacySuppressed","PrivacySuppressed","PrivacySuppressed","PrivacySuppressed","PrivacySuppressed","PrivacySuppressed","PrivacySuppressed","PrivacySuppressed","PrivacySuppressed","PrivacySuppressed","PrivacySuppressed","PrivacySuppressed","PrivacySuppressed","PrivacySuppressed","PrivacySuppressed","PrivacySuppressed","PrivacySuppressed","PrivacySuppressed","PrivacySuppressed","PrivacySuppressed","PrivacySuppressed","PrivacySuppressed","PrivacySuppressed","PrivacySuppressed","PrivacySuppressed","PrivacySuppressed","PrivacySuppressed","PrivacySuppressed","PrivacySuppressed","PrivacySuppressed","PrivacySuppressed","PrivacySuppressed","PrivacySuppressed","PrivacySuppressed","PrivacySuppressed"
"NULL","042817","Compton College","Public","1","1204","Cosmetology and Related Personal Grooming Services.","2","Associate's Degree","NULL","NULL","PrivacySuppressed","PrivacySuppressed","PrivacySuppressed","PrivacySuppressed","PrivacySuppressed","PrivacySuppressed","PrivacySuppressed","PrivacySuppressed","PrivacySuppressed","PrivacySuppressed","PrivacySuppressed","PrivacySuppressed","PrivacySuppressed","PrivacySuppressed","PrivacySuppressed","PrivacySuppressed","PrivacySuppressed","PrivacySuppressed","PrivacySuppressed","PrivacySuppressed","PrivacySuppressed","PrivacySuppressed","PrivacySuppressed","PrivacySuppressed","PrivacySuppressed","PrivacySuppressed","PrivacySuppressed","PrivacySuppressed","PrivacySuppressed","PrivacySuppressed","PrivacySuppressed","PrivacySuppressed","PrivacySuppressed","PrivacySuppressed","PrivacySuppressed","PrivacySuppressed","PrivacySuppressed","PrivacySuppressed","PrivacySuppressed","PrivacySuppressed","PrivacySuppressed","PrivacySuppressed","PrivacySuppressed","PrivacySuppressed","PrivacySuppressed","PrivacySuppressed","PrivacySuppressed","PrivacySuppressed","PrivacySuppressed","PrivacySuppressed","PrivacySuppressed","PrivacySuppressed","PrivacySuppressed","PrivacySuppressed","PrivacySuppressed","PrivacySuppressed","PrivacySuppressed","PrivacySuppressed","PrivacySuppressed","PrivacySuppressed","PrivacySuppressed","PrivacySuppressed","PrivacySuppressed","PrivacySuppressed","PrivacySuppressed","PrivacySuppressed","PrivacySuppressed","PrivacySuppressed","PrivacySuppressed","PrivacySuppressed","PrivacySuppressed","PrivacySuppressed"
"NULL","042817","Compton College","Public","1","1513","Drafting/Design Engineering Technologies/Technicians.","2","Associate's Degree","NULL","NULL","PrivacySuppressed","PrivacySuppressed","PrivacySuppressed","PrivacySuppressed","PrivacySuppressed","PrivacySuppressed","PrivacySuppressed","PrivacySuppressed","PrivacySuppressed","PrivacySuppressed","PrivacySuppressed","PrivacySuppressed","PrivacySuppressed","PrivacySuppressed","PrivacySuppressed","PrivacySuppressed","PrivacySuppressed","PrivacySuppressed","PrivacySuppressed","PrivacySuppressed","PrivacySuppressed","PrivacySuppressed","PrivacySuppressed","PrivacySuppressed","PrivacySuppressed","PrivacySuppressed","PrivacySuppressed","PrivacySuppressed","PrivacySuppressed","PrivacySuppressed","PrivacySuppressed","PrivacySuppressed","PrivacySuppressed","PrivacySuppressed","PrivacySuppressed","PrivacySuppressed","PrivacySuppressed","PrivacySuppressed","PrivacySuppressed","PrivacySuppressed","PrivacySuppressed","PrivacySuppressed","PrivacySuppressed","PrivacySuppressed","PrivacySuppressed","PrivacySuppressed","PrivacySuppressed","PrivacySuppressed","PrivacySuppressed","PrivacySuppressed","PrivacySuppressed","PrivacySuppressed","PrivacySuppressed","PrivacySuppressed","PrivacySuppressed","PrivacySuppressed","PrivacySuppressed","PrivacySuppressed","PrivacySuppressed","PrivacySuppressed","PrivacySuppressed","PrivacySuppressed","PrivacySuppressed","PrivacySuppressed","PrivacySuppressed","PrivacySuppressed","PrivacySuppressed","PrivacySuppressed","PrivacySuppressed","PrivacySuppressed","PrivacySuppressed","PrivacySuppressed"
"NULL","042817","Compton College","Public","1","1616","American Sign Language.","2","Associate's Degree","NULL","NULL","PrivacySuppressed","PrivacySuppressed","PrivacySuppressed","PrivacySuppressed","PrivacySuppressed","PrivacySuppressed","PrivacySuppressed","PrivacySuppressed","PrivacySuppressed","PrivacySuppressed","PrivacySuppressed","PrivacySuppressed","PrivacySuppressed","PrivacySuppressed","PrivacySuppressed","PrivacySuppressed","PrivacySuppressed","PrivacySuppressed","PrivacySuppressed","PrivacySuppressed","PrivacySuppressed","PrivacySuppressed","PrivacySuppressed","PrivacySuppressed","PrivacySuppressed","PrivacySuppressed","PrivacySuppressed","PrivacySuppressed","PrivacySuppressed","PrivacySuppressed","PrivacySuppressed","PrivacySuppressed","PrivacySuppressed","PrivacySuppressed","PrivacySuppressed","PrivacySuppressed","PrivacySuppressed","PrivacySuppressed","PrivacySuppressed","PrivacySuppressed","PrivacySuppressed","PrivacySuppressed","PrivacySuppressed","PrivacySuppressed","PrivacySuppressed","PrivacySuppressed","PrivacySuppressed","PrivacySuppressed","PrivacySuppressed","PrivacySuppressed","PrivacySuppressed","PrivacySuppressed","PrivacySuppressed","PrivacySuppressed","PrivacySuppressed","PrivacySuppressed","PrivacySuppressed","PrivacySuppressed","PrivacySuppressed","PrivacySuppressed","PrivacySuppressed","PrivacySuppressed","PrivacySuppressed","PrivacySuppressed","PrivacySuppressed","PrivacySuppressed","PrivacySuppressed","PrivacySuppressed","PrivacySuppressed","PrivacySuppressed","PrivacySuppressed","PrivacySuppressed"
"NULL","042817","Compton College","Public","1","1907","Human Development, Family Studies, and Related Services.","2","Associate's Degree","NULL","NULL","PrivacySuppressed","PrivacySuppressed","PrivacySuppressed","PrivacySuppressed","PrivacySuppressed","PrivacySuppressed","PrivacySuppressed","PrivacySuppressed","PrivacySuppressed","PrivacySuppressed","PrivacySuppressed","PrivacySuppressed","PrivacySuppressed","PrivacySuppressed","PrivacySuppressed","PrivacySuppressed","PrivacySuppressed","PrivacySuppressed","PrivacySuppressed","PrivacySuppressed","PrivacySuppressed","PrivacySuppressed","PrivacySuppressed","PrivacySuppressed","PrivacySuppressed","PrivacySuppressed","PrivacySuppressed","PrivacySuppressed","PrivacySuppressed","PrivacySuppressed","PrivacySuppressed","PrivacySuppressed","PrivacySuppressed","PrivacySuppressed","PrivacySuppressed","PrivacySuppressed","PrivacySuppressed","PrivacySuppressed","PrivacySuppressed","PrivacySuppressed","PrivacySuppressed","PrivacySuppressed","PrivacySuppressed","PrivacySuppressed","PrivacySuppressed","PrivacySuppressed","PrivacySuppressed","PrivacySuppressed","PrivacySuppressed","PrivacySuppressed","PrivacySuppressed","PrivacySuppressed","PrivacySuppressed","PrivacySuppressed","PrivacySuppressed","PrivacySuppressed","PrivacySuppressed","PrivacySuppressed","PrivacySuppressed","PrivacySuppressed","PrivacySuppressed","PrivacySuppressed","PrivacySuppressed","PrivacySuppressed","PrivacySuppressed","PrivacySuppressed","PrivacySuppressed","PrivacySuppressed","PrivacySuppressed","PrivacySuppressed","PrivacySuppressed","PrivacySuppressed"
"NULL","042817","Compton College","Public","1","2203","Legal Support Services.","2","Associate's Degree","NULL","NULL","PrivacySuppressed","PrivacySuppressed","PrivacySuppressed","PrivacySuppressed","PrivacySuppressed","PrivacySuppressed","PrivacySuppressed","PrivacySuppressed","PrivacySuppressed","PrivacySuppressed","PrivacySuppressed","PrivacySuppressed","PrivacySuppressed","PrivacySuppressed","PrivacySuppressed","PrivacySuppressed","PrivacySuppressed","PrivacySuppressed","PrivacySuppressed","PrivacySuppressed","PrivacySuppressed","PrivacySuppressed","PrivacySuppressed","PrivacySuppressed","PrivacySuppressed","PrivacySuppressed","PrivacySuppressed","PrivacySuppressed","PrivacySuppressed","PrivacySuppressed","PrivacySuppressed","PrivacySuppressed","PrivacySuppressed","PrivacySuppressed","PrivacySuppressed","PrivacySuppressed","PrivacySuppressed","PrivacySuppressed","PrivacySuppressed","PrivacySuppressed","PrivacySuppressed","PrivacySuppressed","PrivacySuppressed","PrivacySuppressed","PrivacySuppressed","PrivacySuppressed","PrivacySuppressed","PrivacySuppressed","PrivacySuppressed","PrivacySuppressed","PrivacySuppressed","PrivacySuppressed","PrivacySuppressed","PrivacySuppressed","PrivacySuppressed","PrivacySuppressed","PrivacySuppressed","PrivacySuppressed","PrivacySuppressed","PrivacySuppressed","PrivacySuppressed","PrivacySuppressed","PrivacySuppressed","PrivacySuppressed","PrivacySuppressed","PrivacySuppressed","PrivacySuppressed","PrivacySuppressed","PrivacySuppressed","PrivacySuppressed","PrivacySuppressed","PrivacySuppressed"
"NULL","042817","Compton College","Public","1","2301","English Language and Literature, General.","2","Associate's Degree","NULL","NULL","PrivacySuppressed","PrivacySuppressed","PrivacySuppressed","PrivacySuppressed","PrivacySuppressed","PrivacySuppressed","PrivacySuppressed","PrivacySuppressed","PrivacySuppressed","PrivacySuppressed","PrivacySuppressed","PrivacySuppressed","PrivacySuppressed","PrivacySuppressed","PrivacySuppressed","PrivacySuppressed","PrivacySuppressed","PrivacySuppressed","PrivacySuppressed","PrivacySuppressed","PrivacySuppressed","PrivacySuppressed","PrivacySuppressed","PrivacySuppressed","PrivacySuppressed","PrivacySuppressed","PrivacySuppressed","PrivacySuppressed","PrivacySuppressed","PrivacySuppressed","PrivacySuppressed","PrivacySuppressed","PrivacySuppressed","PrivacySuppressed","PrivacySuppressed","PrivacySuppressed","PrivacySuppressed","PrivacySuppressed","PrivacySuppressed","PrivacySuppressed","PrivacySuppressed","PrivacySuppressed","PrivacySuppressed","PrivacySuppressed","PrivacySuppressed","PrivacySuppressed","PrivacySuppressed","PrivacySuppressed","PrivacySuppressed","PrivacySuppressed","PrivacySuppressed","PrivacySuppressed","PrivacySuppressed","PrivacySuppressed","PrivacySuppressed","PrivacySuppressed","PrivacySuppressed","PrivacySuppressed","PrivacySuppressed","PrivacySuppressed","PrivacySuppressed","PrivacySuppressed","PrivacySuppressed","PrivacySuppressed","PrivacySuppressed","PrivacySuppressed","PrivacySuppressed","PrivacySuppressed","PrivacySuppressed","PrivacySuppressed","PrivacySuppressed","PrivacySuppressed"
"NULL","042817","Compton College","Public","1","2313","Rhetoric and Composition/Writing Studies.","2","Associate's Degree","NULL","NULL","PrivacySuppressed","PrivacySuppressed","PrivacySuppressed","PrivacySuppressed","PrivacySuppressed","PrivacySuppressed","PrivacySuppressed","PrivacySuppressed","PrivacySuppressed","PrivacySuppressed","PrivacySuppressed","PrivacySuppressed","PrivacySuppressed","PrivacySuppressed","PrivacySuppressed","PrivacySuppressed","PrivacySuppressed","PrivacySuppressed","PrivacySuppressed","PrivacySuppressed","PrivacySuppressed","PrivacySuppressed","PrivacySuppressed","PrivacySuppressed","PrivacySuppressed","PrivacySuppressed","PrivacySuppressed","PrivacySuppressed","PrivacySuppressed","PrivacySuppressed","PrivacySuppressed","PrivacySuppressed","PrivacySuppressed","PrivacySuppressed","PrivacySuppressed","PrivacySuppressed","PrivacySuppressed","PrivacySuppressed","PrivacySuppressed","PrivacySuppressed","PrivacySuppressed","PrivacySuppressed","PrivacySuppressed","PrivacySuppressed","PrivacySuppressed","PrivacySuppressed","PrivacySuppressed","PrivacySuppressed","PrivacySuppressed","PrivacySuppressed","PrivacySuppressed","PrivacySuppressed","PrivacySuppressed","PrivacySuppressed","PrivacySuppressed","PrivacySuppressed","PrivacySuppressed","PrivacySuppressed","PrivacySuppressed","PrivacySuppressed","PrivacySuppressed","PrivacySuppressed","PrivacySuppressed","PrivacySuppressed","PrivacySuppressed","PrivacySuppressed","PrivacySuppressed","PrivacySuppressed","PrivacySuppressed","PrivacySuppressed","PrivacySuppressed","PrivacySuppressed"
"NULL","042817","Compton College","Public","1","2401","Liberal Arts and Sciences, General Studies and Humanities.","2","Associate's Degree","NULL","NULL","PrivacySuppressed","6973","7125","PrivacySuppressed","PrivacySuppressed","PrivacySuppressed","PrivacySuppressed","PrivacySuppressed","PrivacySuppressed","PrivacySuppressed","PrivacySuppressed","PrivacySuppressed","PrivacySuppressed","PrivacySuppressed","PrivacySuppressed","PrivacySuppressed","PrivacySuppressed","PrivacySuppressed","PrivacySuppressed","PrivacySuppressed","PrivacySuppressed","PrivacySuppressed","PrivacySuppressed","PrivacySuppressed","PrivacySuppressed","PrivacySuppressed","PrivacySuppressed","PrivacySuppressed","PrivacySuppressed","PrivacySuppressed","PrivacySuppressed","PrivacySuppressed","PrivacySuppressed","PrivacySuppressed","PrivacySuppressed","PrivacySuppressed","PrivacySuppressed","PrivacySuppressed","PrivacySuppressed","PrivacySuppressed","PrivacySuppressed","PrivacySuppressed","PrivacySuppressed","PrivacySuppressed","PrivacySuppressed","PrivacySuppressed","PrivacySuppressed","PrivacySuppressed","PrivacySuppressed","PrivacySuppressed","PrivacySuppressed","PrivacySuppressed","PrivacySuppressed","PrivacySuppressed","PrivacySuppressed","PrivacySuppressed","PrivacySuppressed","PrivacySuppressed","PrivacySuppressed","PrivacySuppressed","PrivacySuppressed","PrivacySuppressed","68","PrivacySuppressed","3","18","21","30771","PrivacySuppressed","PrivacySuppressed","PrivacySuppressed","PrivacySuppressed"
"NULL","042817","Compton College","Public","1","2601","Biology, General.","2","Associate's Degree","NULL","NULL","PrivacySuppressed","PrivacySuppressed","PrivacySuppressed","PrivacySuppressed","PrivacySuppressed","PrivacySuppressed","PrivacySuppressed","PrivacySuppressed","PrivacySuppressed","PrivacySuppressed","PrivacySuppressed","PrivacySuppressed","PrivacySuppressed","PrivacySuppressed","PrivacySuppressed","PrivacySuppressed","PrivacySuppressed","PrivacySuppressed","PrivacySuppressed","PrivacySuppressed","PrivacySuppressed","PrivacySuppressed","PrivacySuppressed","PrivacySuppressed","PrivacySuppressed","PrivacySuppressed","PrivacySuppressed","PrivacySuppressed","PrivacySuppressed","PrivacySuppressed","PrivacySuppressed","PrivacySuppressed","PrivacySuppressed","PrivacySuppressed","PrivacySuppressed","PrivacySuppressed","PrivacySuppressed","PrivacySuppressed","PrivacySuppressed","PrivacySuppressed","PrivacySuppressed","PrivacySuppressed","PrivacySuppressed","PrivacySuppressed","PrivacySuppressed","PrivacySuppressed","PrivacySuppressed","PrivacySuppressed","PrivacySuppressed","PrivacySuppressed","PrivacySuppressed","PrivacySuppressed","PrivacySuppressed","PrivacySuppressed","PrivacySuppressed","PrivacySuppressed","PrivacySuppressed","PrivacySuppressed","PrivacySuppressed","PrivacySuppressed","PrivacySuppressed","PrivacySuppressed","PrivacySuppressed","PrivacySuppressed","PrivacySuppressed","PrivacySuppressed","PrivacySuppressed","PrivacySuppressed","PrivacySuppressed","PrivacySuppressed","PrivacySuppressed","PrivacySuppressed"
"NULL","042817","Compton College","Public","1","3001","Biological and Physical Sciences.","2","Associate's Degree","NULL","NULL","PrivacySuppressed","PrivacySuppressed","PrivacySuppressed","PrivacySuppressed","PrivacySuppressed","PrivacySuppressed","PrivacySuppressed","PrivacySuppressed","PrivacySuppressed","PrivacySuppressed","PrivacySuppressed","PrivacySuppressed","PrivacySuppressed","PrivacySuppressed","PrivacySuppressed","PrivacySuppressed","PrivacySuppressed","PrivacySuppressed","PrivacySuppressed","PrivacySuppressed","PrivacySuppressed","PrivacySuppressed","PrivacySuppressed","PrivacySuppressed","PrivacySuppressed","PrivacySuppressed","PrivacySuppressed","PrivacySuppressed","PrivacySuppressed","PrivacySuppressed","PrivacySuppressed","PrivacySuppressed","PrivacySuppressed","PrivacySuppressed","PrivacySuppressed","PrivacySuppressed","PrivacySuppressed","PrivacySuppressed","PrivacySuppressed","PrivacySuppressed","PrivacySuppressed","PrivacySuppressed","PrivacySuppressed","PrivacySuppressed","PrivacySuppressed","PrivacySuppressed","PrivacySuppressed","PrivacySuppressed","PrivacySuppressed","PrivacySuppressed","PrivacySuppressed","PrivacySuppressed","PrivacySuppressed","PrivacySuppressed","PrivacySuppressed","PrivacySuppressed","PrivacySuppressed","PrivacySuppressed","PrivacySuppressed","PrivacySuppressed","PrivacySuppressed","PrivacySuppressed","PrivacySuppressed","PrivacySuppressed","PrivacySuppressed","PrivacySuppressed","PrivacySuppressed","PrivacySuppressed","PrivacySuppressed","PrivacySuppressed","PrivacySuppressed","PrivacySuppressed"
"NULL","042817","Compton College","Public","1","3105","Health and Physical Education/Fitness.","2","Associate's Degree","NULL","NULL","PrivacySuppressed","PrivacySuppressed","PrivacySuppressed","PrivacySuppressed","PrivacySuppressed","PrivacySuppressed","PrivacySuppressed","PrivacySuppressed","PrivacySuppressed","PrivacySuppressed","PrivacySuppressed","PrivacySuppressed","PrivacySuppressed","PrivacySuppressed","PrivacySuppressed","PrivacySuppressed","PrivacySuppressed","PrivacySuppressed","PrivacySuppressed","PrivacySuppressed","PrivacySuppressed","PrivacySuppressed","PrivacySuppressed","PrivacySuppressed","PrivacySuppressed","PrivacySuppressed","PrivacySuppressed","PrivacySuppressed","PrivacySuppressed","PrivacySuppressed","PrivacySuppressed","PrivacySuppressed","PrivacySuppressed","PrivacySuppressed","PrivacySuppressed","PrivacySuppressed","PrivacySuppressed","PrivacySuppressed","PrivacySuppressed","PrivacySuppressed","PrivacySuppressed","PrivacySuppressed","PrivacySuppressed","PrivacySuppressed","PrivacySuppressed","PrivacySuppressed","PrivacySuppressed","PrivacySuppressed","PrivacySuppressed","PrivacySuppressed","PrivacySuppressed","PrivacySuppressed","PrivacySuppressed","PrivacySuppressed","PrivacySuppressed","PrivacySuppressed","PrivacySuppressed","PrivacySuppressed","PrivacySuppressed","PrivacySuppressed","PrivacySuppressed","PrivacySuppressed","PrivacySuppressed","PrivacySuppressed","PrivacySuppressed","PrivacySuppressed","PrivacySuppressed","PrivacySuppressed","PrivacySuppressed","PrivacySuppressed","PrivacySuppressed","PrivacySuppressed"
"NULL","042817","Compton College","Public","1","4201","Psychology, General.","2","Associate's Degree","NULL","NULL","PrivacySuppressed","PrivacySuppressed","PrivacySuppressed","PrivacySuppressed","PrivacySuppressed","PrivacySuppressed","PrivacySuppressed","PrivacySuppressed","PrivacySuppressed","PrivacySuppressed","PrivacySuppressed","PrivacySuppressed","PrivacySuppressed","PrivacySuppressed","PrivacySuppressed","PrivacySuppressed","PrivacySuppressed","PrivacySuppressed","PrivacySuppressed","PrivacySuppressed","PrivacySuppressed","PrivacySuppressed","PrivacySuppressed","PrivacySuppressed","PrivacySuppressed","PrivacySuppressed","PrivacySuppressed","PrivacySuppressed","PrivacySuppressed","PrivacySuppressed","PrivacySuppressed","PrivacySuppressed","PrivacySuppressed","PrivacySuppressed","PrivacySuppressed","PrivacySuppressed","PrivacySuppressed","PrivacySuppressed","PrivacySuppressed","PrivacySuppressed","PrivacySuppressed","PrivacySuppressed","PrivacySuppressed","PrivacySuppressed","PrivacySuppressed","PrivacySuppressed","PrivacySuppressed","PrivacySuppressed","PrivacySuppressed","PrivacySuppressed","PrivacySuppressed","PrivacySuppressed","PrivacySuppressed","PrivacySuppressed","PrivacySuppressed","PrivacySuppressed","PrivacySuppressed","PrivacySuppressed","PrivacySuppressed","PrivacySuppressed","PrivacySuppressed","PrivacySuppressed","PrivacySuppressed","PrivacySuppressed","PrivacySuppressed","PrivacySuppressed","PrivacySuppressed","PrivacySuppressed","PrivacySuppressed","PrivacySuppressed","PrivacySuppressed","PrivacySuppressed"
"NULL","042817","Compton College","Public","1","4301","Criminal Justice and Corrections.","2","Associate's Degree","NULL","NULL","PrivacySuppressed","PrivacySuppressed","PrivacySuppressed","PrivacySuppressed","PrivacySuppressed","PrivacySuppressed","PrivacySuppressed","PrivacySuppressed","PrivacySuppressed","PrivacySuppressed","PrivacySuppressed","PrivacySuppressed","PrivacySuppressed","PrivacySuppressed","PrivacySuppressed","PrivacySuppressed","PrivacySuppressed","PrivacySuppressed","PrivacySuppressed","PrivacySuppressed","PrivacySuppressed","PrivacySuppressed","PrivacySuppressed","PrivacySuppressed","PrivacySuppressed","PrivacySuppressed","PrivacySuppressed","PrivacySuppressed","PrivacySuppressed","PrivacySuppressed","PrivacySuppressed","PrivacySuppressed","PrivacySuppressed","PrivacySuppressed","PrivacySuppressed","PrivacySuppressed","PrivacySuppressed","PrivacySuppressed","PrivacySuppressed","PrivacySuppressed","PrivacySuppressed","PrivacySuppressed","PrivacySuppressed","PrivacySuppressed","PrivacySuppressed","PrivacySuppressed","PrivacySuppressed","PrivacySuppressed","PrivacySuppressed","PrivacySuppressed","PrivacySuppressed","PrivacySuppressed","PrivacySuppressed","PrivacySuppressed","PrivacySuppressed","PrivacySuppressed","PrivacySuppressed","PrivacySuppressed","PrivacySuppressed","PrivacySuppressed","PrivacySuppressed","PrivacySuppressed","PrivacySuppressed","PrivacySuppressed","PrivacySuppressed","PrivacySuppressed","PrivacySuppressed","PrivacySuppressed","PrivacySuppressed","PrivacySuppressed","PrivacySuppressed","PrivacySuppressed"
"NULL","042817","Compton College","Public","1","4507","Geography and Cartography.","2","Associate's Degree","NULL","NULL","PrivacySuppressed","PrivacySuppressed","PrivacySuppressed","PrivacySuppressed","PrivacySuppressed","PrivacySuppressed","PrivacySuppressed","PrivacySuppressed","PrivacySuppressed","PrivacySuppressed","PrivacySuppressed","PrivacySuppressed","PrivacySuppressed","PrivacySuppressed","PrivacySuppressed","PrivacySuppressed","PrivacySuppressed","PrivacySuppressed","PrivacySuppressed","PrivacySuppressed","PrivacySuppressed","PrivacySuppressed","PrivacySuppressed","PrivacySuppressed","PrivacySuppressed","PrivacySuppressed","PrivacySuppressed","PrivacySuppressed","PrivacySuppressed","PrivacySuppressed","PrivacySuppressed","PrivacySuppressed","PrivacySuppressed","PrivacySuppressed","PrivacySuppressed","PrivacySuppressed","PrivacySuppressed","PrivacySuppressed","PrivacySuppressed","PrivacySuppressed","PrivacySuppressed","PrivacySuppressed","PrivacySuppressed","PrivacySuppressed","PrivacySuppressed","PrivacySuppressed","PrivacySuppressed","PrivacySuppressed","PrivacySuppressed","PrivacySuppressed","PrivacySuppressed","PrivacySuppressed","PrivacySuppressed","PrivacySuppressed","PrivacySuppressed","PrivacySuppressed","PrivacySuppressed","PrivacySuppressed","PrivacySuppressed","PrivacySuppressed","PrivacySuppressed","PrivacySuppressed","PrivacySuppressed","PrivacySuppressed","PrivacySuppressed","PrivacySuppressed","PrivacySuppressed","PrivacySuppressed","PrivacySuppressed","PrivacySuppressed","PrivacySuppressed","PrivacySuppressed"
"NULL","042817","Compton College","Public","1","4510","Political Science and Government.","2","Associate's Degree","NULL","NULL","PrivacySuppressed","PrivacySuppressed","PrivacySuppressed","PrivacySuppressed","PrivacySuppressed","PrivacySuppressed","PrivacySuppressed","PrivacySuppressed","PrivacySuppressed","PrivacySuppressed","PrivacySuppressed","PrivacySuppressed","PrivacySuppressed","PrivacySuppressed","PrivacySuppressed","PrivacySuppressed","PrivacySuppressed","PrivacySuppressed","PrivacySuppressed","PrivacySuppressed","PrivacySuppressed","PrivacySuppressed","PrivacySuppressed","PrivacySuppressed","PrivacySuppressed","PrivacySuppressed","PrivacySuppressed","PrivacySuppressed","PrivacySuppressed","PrivacySuppressed","PrivacySuppressed","PrivacySuppressed","PrivacySuppressed","PrivacySuppressed","PrivacySuppressed","PrivacySuppressed","PrivacySuppressed","PrivacySuppressed","PrivacySuppressed","PrivacySuppressed","PrivacySuppressed","PrivacySuppressed","PrivacySuppressed","PrivacySuppressed","PrivacySuppressed","PrivacySuppressed","PrivacySuppressed","PrivacySuppressed","PrivacySuppressed","PrivacySuppressed","PrivacySuppressed","PrivacySuppressed","PrivacySuppressed","PrivacySuppressed","PrivacySuppressed","PrivacySuppressed","PrivacySuppressed","PrivacySuppressed","PrivacySuppressed","PrivacySuppressed","PrivacySuppressed","PrivacySuppressed","PrivacySuppressed","PrivacySuppressed","PrivacySuppressed","PrivacySuppressed","PrivacySuppressed","PrivacySuppressed","PrivacySuppressed","PrivacySuppressed","PrivacySuppressed","PrivacySuppressed"
"NULL","042817","Compton College","Public","1","4511","Sociology.","2","Associate's Degree","NULL","NULL","PrivacySuppressed","PrivacySuppressed","PrivacySuppressed","PrivacySuppressed","PrivacySuppressed","PrivacySuppressed","PrivacySuppressed","PrivacySuppressed","PrivacySuppressed","PrivacySuppressed","PrivacySuppressed","PrivacySuppressed","PrivacySuppressed","PrivacySuppressed","PrivacySuppressed","PrivacySuppressed","PrivacySuppressed","PrivacySuppressed","PrivacySuppressed","PrivacySuppressed","PrivacySuppressed","PrivacySuppressed","PrivacySuppressed","PrivacySuppressed","PrivacySuppressed","PrivacySuppressed","PrivacySuppressed","PrivacySuppressed","PrivacySuppressed","PrivacySuppressed","PrivacySuppressed","PrivacySuppressed","PrivacySuppressed","PrivacySuppressed","PrivacySuppressed","PrivacySuppressed","PrivacySuppressed","PrivacySuppressed","PrivacySuppressed","PrivacySuppressed","PrivacySuppressed","PrivacySuppressed","PrivacySuppressed","PrivacySuppressed","PrivacySuppressed","PrivacySuppressed","PrivacySuppressed","PrivacySuppressed","PrivacySuppressed","PrivacySuppressed","PrivacySuppressed","PrivacySuppressed","PrivacySuppressed","PrivacySuppressed","PrivacySuppressed","PrivacySuppressed","PrivacySuppressed","PrivacySuppressed","PrivacySuppressed","PrivacySuppressed","PrivacySuppressed","PrivacySuppressed","PrivacySuppressed","PrivacySuppressed","PrivacySuppressed","PrivacySuppressed","PrivacySuppressed","PrivacySuppressed","PrivacySuppressed","PrivacySuppressed","PrivacySuppressed","PrivacySuppressed"
"NULL","042817","Compton College","Public","1","5109","Allied Health Diagnostic, Intervention, and Treatment Professions.","2","Associate's Degree","NULL","NULL","PrivacySuppressed","PrivacySuppressed","PrivacySuppressed","PrivacySuppressed","PrivacySuppressed","PrivacySuppressed","PrivacySuppressed","PrivacySuppressed","PrivacySuppressed","PrivacySuppressed","PrivacySuppressed","PrivacySuppressed","PrivacySuppressed","PrivacySuppressed","PrivacySuppressed","PrivacySuppressed","PrivacySuppressed","PrivacySuppressed","PrivacySuppressed","PrivacySuppressed","PrivacySuppressed","PrivacySuppressed","PrivacySuppressed","PrivacySuppressed","PrivacySuppressed","PrivacySuppressed","PrivacySuppressed","PrivacySuppressed","PrivacySuppressed","PrivacySuppressed","PrivacySuppressed","PrivacySuppressed","PrivacySuppressed","PrivacySuppressed","PrivacySuppressed","PrivacySuppressed","PrivacySuppressed","PrivacySuppressed","PrivacySuppressed","PrivacySuppressed","PrivacySuppressed","PrivacySuppressed","PrivacySuppressed","PrivacySuppressed","PrivacySuppressed","PrivacySuppressed","PrivacySuppressed","PrivacySuppressed","PrivacySuppressed","PrivacySuppressed","PrivacySuppressed","PrivacySuppressed","PrivacySuppressed","PrivacySuppressed","PrivacySuppressed","PrivacySuppressed","PrivacySuppressed","PrivacySuppressed","PrivacySuppressed","PrivacySuppressed","PrivacySuppressed","PrivacySuppressed","PrivacySuppressed","PrivacySuppressed","PrivacySuppressed","PrivacySuppressed","PrivacySuppressed","PrivacySuppressed","PrivacySuppressed","PrivacySuppressed","PrivacySuppressed","PrivacySuppressed"
"NULL","042817","Compton College","Public","1","5111","Health/Medical Preparatory Programs.","2","Associate's Degree","NULL","NULL","PrivacySuppressed","PrivacySuppressed","PrivacySuppressed","PrivacySuppressed","PrivacySuppressed","PrivacySuppressed","PrivacySuppressed","PrivacySuppressed","PrivacySuppressed","PrivacySuppressed","PrivacySuppressed","PrivacySuppressed","PrivacySuppressed","PrivacySuppressed","PrivacySuppressed","PrivacySuppressed","PrivacySuppressed","PrivacySuppressed","PrivacySuppressed","PrivacySuppressed","PrivacySuppressed","PrivacySuppressed","PrivacySuppressed","PrivacySuppressed","PrivacySuppressed","PrivacySuppressed","PrivacySuppressed","PrivacySuppressed","PrivacySuppressed","PrivacySuppressed","PrivacySuppressed","PrivacySuppressed","PrivacySuppressed","PrivacySuppressed","PrivacySuppressed","PrivacySuppressed","PrivacySuppressed","PrivacySuppressed","PrivacySuppressed","PrivacySuppressed","PrivacySuppressed","PrivacySuppressed","PrivacySuppressed","PrivacySuppressed","PrivacySuppressed","PrivacySuppressed","PrivacySuppressed","PrivacySuppressed","PrivacySuppressed","PrivacySuppressed","PrivacySuppressed","PrivacySuppressed","PrivacySuppressed","PrivacySuppressed","PrivacySuppressed","PrivacySuppressed","PrivacySuppressed","PrivacySuppressed","PrivacySuppressed","PrivacySuppressed","PrivacySuppressed","PrivacySuppressed","PrivacySuppressed","PrivacySuppressed","PrivacySuppressed","PrivacySuppressed","PrivacySuppressed","PrivacySuppressed","PrivacySuppressed","PrivacySuppressed","PrivacySuppressed","PrivacySuppressed"
"NULL","042817","Compton College","Public","1","5138","Registered Nursing, Nursing Administration, Nursing Research and Clinical Nursing.","2","Associate's Degree","NULL","NULL","PrivacySuppressed","9534","9500","PrivacySuppressed","PrivacySuppressed","PrivacySuppressed","PrivacySuppressed","PrivacySuppressed","PrivacySuppressed","PrivacySuppressed","PrivacySuppressed","PrivacySuppressed","PrivacySuppressed","PrivacySuppressed","PrivacySuppressed","PrivacySuppressed","PrivacySuppressed","PrivacySuppressed","PrivacySuppressed","PrivacySuppressed","PrivacySuppressed","PrivacySuppressed","PrivacySuppressed","PrivacySuppressed","PrivacySuppressed","PrivacySuppressed","PrivacySuppressed","PrivacySuppressed","PrivacySuppressed","PrivacySuppressed","PrivacySuppressed","PrivacySuppressed","PrivacySuppressed","PrivacySuppressed","PrivacySuppressed","PrivacySuppressed","PrivacySuppressed","PrivacySuppressed","PrivacySuppressed","PrivacySuppressed","PrivacySuppressed","PrivacySuppressed","PrivacySuppressed","PrivacySuppressed","PrivacySuppressed","PrivacySuppressed","PrivacySuppressed","PrivacySuppressed","PrivacySuppressed","PrivacySuppressed","PrivacySuppressed","PrivacySuppressed","PrivacySuppressed","PrivacySuppressed","PrivacySuppressed","PrivacySuppressed","PrivacySuppressed","PrivacySuppressed","PrivacySuppressed","PrivacySuppressed","PrivacySuppressed","PrivacySuppressed","91","PrivacySuppressed","3","26","29","64493","PrivacySuppressed","PrivacySuppressed","PrivacySuppressed","PrivacySuppressed"
"NULL","042817","Compton College","Public","1","5202","Business Administration, Management and Operations.","2","Associate's Degree","NULL","NULL","PrivacySuppressed","8713","PrivacySuppressed","PrivacySuppressed","PrivacySuppressed","PrivacySuppressed","PrivacySuppressed","PrivacySuppressed","PrivacySuppressed","PrivacySuppressed","PrivacySuppressed","PrivacySuppressed","PrivacySuppressed","PrivacySuppressed","PrivacySuppressed","PrivacySuppressed","PrivacySuppressed","PrivacySuppressed","PrivacySuppressed","PrivacySuppressed","PrivacySuppressed","PrivacySuppressed","PrivacySuppressed","PrivacySuppressed","PrivacySuppressed","PrivacySuppressed","PrivacySuppressed","PrivacySuppressed","PrivacySuppressed","PrivacySuppressed","PrivacySuppressed","PrivacySuppressed","PrivacySuppressed","PrivacySuppressed","PrivacySuppressed","PrivacySuppressed","PrivacySuppressed","PrivacySuppressed","PrivacySuppressed","PrivacySuppressed","PrivacySuppressed","PrivacySuppressed","PrivacySuppressed","PrivacySuppressed","PrivacySuppressed","PrivacySuppressed","PrivacySuppressed","PrivacySuppressed","PrivacySuppressed","PrivacySuppressed","PrivacySuppressed","PrivacySuppressed","PrivacySuppressed","PrivacySuppressed","PrivacySuppressed","PrivacySuppressed","PrivacySuppressed","PrivacySuppressed","PrivacySuppressed","PrivacySuppressed","PrivacySuppressed","PrivacySuppressed","PrivacySuppressed","PrivacySuppressed","0","8","12","28598","PrivacySuppressed","PrivacySuppressed","PrivacySuppressed","PrivacySuppressed"
"NULL","042817","Compton College","Public","1","5203","Accounting and Related Services.","2","Associate's Degree","NULL","NULL","PrivacySuppressed","PrivacySuppressed","PrivacySuppressed","PrivacySuppressed","PrivacySuppressed","PrivacySuppressed","PrivacySuppressed","PrivacySuppressed","PrivacySuppressed","PrivacySuppressed","PrivacySuppressed","PrivacySuppressed","PrivacySuppressed","PrivacySuppressed","PrivacySuppressed","PrivacySuppressed","PrivacySuppressed","PrivacySuppressed","PrivacySuppressed","PrivacySuppressed","PrivacySuppressed","PrivacySuppressed","PrivacySuppressed","PrivacySuppressed","PrivacySuppressed","PrivacySuppressed","PrivacySuppressed","PrivacySuppressed","PrivacySuppressed","PrivacySuppressed","PrivacySuppressed","PrivacySuppressed","PrivacySuppressed","PrivacySuppressed","PrivacySuppressed","PrivacySuppressed","PrivacySuppressed","PrivacySuppressed","PrivacySuppressed","PrivacySuppressed","PrivacySuppressed","PrivacySuppressed","PrivacySuppressed","PrivacySuppressed","PrivacySuppressed","PrivacySuppressed","PrivacySuppressed","PrivacySuppressed","PrivacySuppressed","PrivacySuppressed","PrivacySuppressed","PrivacySuppressed","PrivacySuppressed","PrivacySuppressed","PrivacySuppressed","PrivacySuppressed","PrivacySuppressed","PrivacySuppressed","PrivacySuppressed","PrivacySuppressed","PrivacySuppressed","PrivacySuppressed","PrivacySuppressed","PrivacySuppressed","PrivacySuppressed","PrivacySuppressed","PrivacySuppressed","PrivacySuppressed","PrivacySuppressed","PrivacySuppressed","PrivacySuppressed","PrivacySuppressed"
"NULL","042817","Compton College","Public","1","5218","General Sales, Merchandising and Related Marketing Operations.","2","Associate's Degree","NULL","NULL","PrivacySuppressed","PrivacySuppressed","PrivacySuppressed","PrivacySuppressed","PrivacySuppressed","PrivacySuppressed","PrivacySuppressed","PrivacySuppressed","PrivacySuppressed","PrivacySuppressed","PrivacySuppressed","PrivacySuppressed","PrivacySuppressed","PrivacySuppressed","PrivacySuppressed","PrivacySuppressed","PrivacySuppressed","PrivacySuppressed","PrivacySuppressed","PrivacySuppressed","PrivacySuppressed","PrivacySuppressed","PrivacySuppressed","PrivacySuppressed","PrivacySuppressed","PrivacySuppressed","PrivacySuppressed","PrivacySuppressed","PrivacySuppressed","PrivacySuppressed","PrivacySuppressed","PrivacySuppressed","PrivacySuppressed","PrivacySuppressed","PrivacySuppressed","PrivacySuppressed","PrivacySuppressed","PrivacySuppressed","PrivacySuppressed","PrivacySuppressed","PrivacySuppressed","PrivacySuppressed","PrivacySuppressed","PrivacySuppressed","PrivacySuppressed","PrivacySuppressed","PrivacySuppressed","PrivacySuppressed","PrivacySuppressed","PrivacySuppressed","PrivacySuppressed","PrivacySuppressed","PrivacySuppressed","PrivacySuppressed","PrivacySuppressed","PrivacySuppressed","PrivacySuppressed","PrivacySuppressed","PrivacySuppressed","PrivacySuppressed","PrivacySuppressed","PrivacySuppressed","PrivacySuppressed","PrivacySuppressed","PrivacySuppressed","PrivacySuppressed","PrivacySuppressed","PrivacySuppressed","PrivacySuppressed","PrivacySuppressed","PrivacySuppressed","PrivacySuppressed"
